generation,score,accuracy,winrate,n_signals
0,1.4532948396431387,0.3125532875269572,0.3125532875269572,19939
1,0,0,0,0
2,1.0959966200844977,0.35190682804293216,0.35190682804293216,4379
3,0.31265276771135536,0.38164251207729466,0.38164251207729466,207
4,0,0,0,0
5,0,0,0,0
6,1.0517589881626908,0.34706430568499536,0.34706430568499536,5365
7,0,0,0,0
8,1.0142589687473085,0.3483842408145197,0.3483842408145197,4518
9,1.0050593473446745,0.37181738366988587,0.37181738366988587,2278
